ci_tenant_dmn.m_orgnztn_guid,ci_tenant_dmn.m_org_nm,ci_tenant_dmn.m_org_ci_tenant_id,ci_tenant_dmn.m_org_original_id,ci_tenant_dmn.dw_insert_datetime,ci_tenant_dmn.is_active,ci_tenant_dmn.tenant_type
c59fc1d4-3a24-42fc-ba33-f4fa7b735c9a,Case Commons,17006,0010Z00001uLlPHQA0,2021-03-03 22:41:42.0,Y,Enterprise
dd1b398f-2791-45d5-a749-c3c195b9e1c7,Streamoid Technologies,100070,0010Z000029XaRLQA0,2021-03-03 22:41:42.0,Y,Intelligence
2bdc3218-c8eb-4564-af3c-aa5e09487300,Assist,17015,0010Z00001xqUafQAE,2021-03-03 22:41:42.0,N,Enterprise
7352f916-5a2f-43c3-bccb-c3ce743a15de,Vohra Wound Physicians,100125,0013r00002MxMxTAAV,2021-03-03 22:41:42.0,N,Self
d5b31cd9-4fed-4dbb-97a6-af150635fa30,Cloudera,100132,0013r00002TousyAAB,2021-03-03 22:41:42.0,Y,Intelligence
f9968a63-066f-4001-b3dc-93877e26a2d6,MDLIVE,17029,0010Z000026VgBwQAK,2021-03-03 22:41:42.0,N,Enterprise
67b1de5a-d94c-4607-b7d0-bc29ad77a21b,Sales-I,100053,0010Z000027A9xZQAS,2021-03-03 22:41:42.0,Y,Intelligence
e12945c9-fa48-4130-a2bd-a9e186322724,Not provided,100101,0013r00002EsB04AAF,2021-03-03 22:41:42.0,Y,Intelligence
ac0ac4a8-4dd4-413e-ba30-64182307916d,Berry Network,100117,0013r00002KhA0fAAF,2021-03-03 22:41:42.0,Y,Intelligence
dff241a6-b287-4205-aeec-ffa5d531c001,"AccuWeather, Inc.",17012,0013100001jffipAAA,2021-03-03 22:41:42.0,N,Enterprise
40e0634f-6872-4fef-8584-1e12fdbd2aa0,Compstak,17033,0010Z0000279CXuQAM,2021-03-03 22:41:42.0,N,Enterprise
089b06b5-3f7a-42e6-8728-21713c00173e,Apttus,100092,0010Z00002CIq3qQAD,2021-03-03 22:41:42.0,Y,Self
bfb5c031-b32e-4c70-8ffb-fdc47504d771,Square Inc.,17014,0010Z00001x4sATQAY,2021-03-03 22:41:42.0,N,Enterprise
df92eb09-8f56-4309-a278-96b33f8e6ee9,Collective Intelligence,100085,0010Z00002AFg73QAD,2021-03-03 22:41:42.0,Y,Intelligence
fd72ad1d-42e1-4174-9e5e-3694381597cb,SheKnows Media,16009,0013100001g4ivsAAA,2021-03-03 22:41:42.0,N,Enterprise
34f90161-f2a2-4a4b-b593-43785ec9ee3b,Exact Media,17044,0010Z00001walOzQAI,2021-03-03 22:41:42.0,N,Enterprise
7e07c1e9-fbe8-4ace-bc24-8e3f522bb496,RelayHealth Pharmacy,15002,0010Z00001va1D3QAI,2021-03-03 22:41:42.0,N,Enterprise
b2a524da-0b28-4b15-949f-3394cbf9e171,Not provided,100019,0010Z000023GpJXQA0,2021-03-03 22:41:42.0,Y,Intelligence
c40ff6a1-73ec-4aab-8c81-4d80359566df,LT,100122,0013r00002MwrqOAAR,2021-03-03 22:41:42.0,Y,Intelligence
129f86c2-5d3d-42d0-a346-744c34219b12,EY,100028,0010Z000022zeAgQAI,2021-03-03 22:41:42.0,Y,Intelligence
04c9d6c4-4dc2-4322-9755-3a79e40bb9fa,GE,17001,0013100001hwQ68AAE,2021-03-03 22:41:42.0,N,Enterprise
ce1b45bc-25e3-464e-b9e9-b0797d32bfe1,Syntax,17055,0010Z00002Cyh4cQAB,2021-03-03 22:41:42.0,N,Enterprise
250e004a-883c-4405-a1dc-af2e5eece267,Not provided,100027,0010Z000022zZpcQAE,2021-03-03 22:41:42.0,Y,Intelligence
3eb834d5-7c39-4435-8ac2-eb7b47037aa8,Berry Network,100114,0013r00002Kgyi0AAB,2021-03-03 22:41:42.0,Y,Intelligence
eb086a70-4bcc-47e0-bd7e-afd20ed53a81,"ConnectAndSell, Inc.",17028,0010Z000026J4emQAC,2021-03-03 22:41:42.0,Y,Enterprise
5f602841-d39b-45a3-bb8c-58c9e27ed939,1776,100071,0010Z000029Xd3IQAS,2021-03-03 22:41:42.0,Y,Intelligence
a43d64d5-46d8-415a-b9ad-cdac0f19199e,Collective Intelligence,100047,0010Z000026WLcRQAW,2021-03-03 22:41:42.0,N,Intelligence
bca11b95-932e-4a18-92bb-a86a2f260be1,Skaled,17041,0010Z000026LnWiQAK,2021-03-03 22:41:42.0,N,Enterprise
307fb399-09aa-4e94-8f96-50193a2e3dc3,Qlik,17060,0013r00002ErzhNAAR,2021-03-03 22:41:42.0,N,Enterprise
91c24c8e-2829-4eac-958f-6ba6bee9a2fe,,100006,NULL,2021-03-03 22:41:42.0,Y,Self
53136648-c38c-49b1-b0f7-355c9ad9ecdb,Not provided,100126,0013r00002DmYyBAAV,2021-03-03 22:41:42.0,Y,Intelligence
00b5eb8d-a239-406d-b040-efcaceed4a3d,Snowflake,100034,0010Z0000249r6UQAQ,2021-03-03 22:41:42.0,Y,Intelligence
81c579d2-99fe-43f4-a296-3c0c37e40acb,Dynacast,17064,0013r00002MxHIqAAN,2021-03-03 22:41:42.0,Y,Enterprise
99bb0f98-fe54-419d-a4fe-444cff450f19,General Electric,16008,0013100001jDnJ5AAK,2021-03-03 22:41:42.0,N,Enterprise
39709037-2e73-46c8-a98f-21fec24777e2,,14003,NULL,2021-03-03 22:41:42.0,Y,Enterprise
094fc81a-1baa-42bd-a6dc-ce2d6e306fd7,SiriusDecisions,100002,0010Z000022whtLQAQ,2021-03-03 22:41:42.0,Y,Self
b22f1b93-6084-4f9d-879f-71d7b21c980d,Collective Intelligence,100038,0010Z0000256wNCQAY,2021-03-03 22:41:42.0,Y,Intelligence
4343da20-634e-4a07-a459-2b8cb895f1cf,,100057,NULL,2021-03-03 22:41:42.0,Y,Self
9226cf78-6a11-468c-8bac-b0c4709c2108,Collective [i],100017,0010Z000023GJ79QAG,2021-03-03 22:41:42.0,Y,Intelligence
2e707509-714e-4474-87aa-96393dfcc960,Collective Intelligence,100059,0010Z000029Di3cQAC,2021-03-03 22:41:42.0,Y,Intelligence
cd7a4c27-f2b0-4352-9f63-b405c760e621,Not provided,100128,0013r00002Mz1fGAAR,2021-03-03 22:41:42.0,Y,Intelligence
92299b1a-3ac9-4255-b422-128772cf4a04,Entelo,15004,0010Z000023H6BtQAK,2021-03-03 22:41:42.0,N,Enterprise
b189cd37-c178-46d1-aee7-bf834ef297fa,Knowland Group LLC (2nd Org),100007,0010Z00001x4BTEQA2,2021-03-03 22:41:42.0,N,Self
e375031c-e5b9-4b08-8171-ba68c95a1070,Not provided,100032,0010Z000025cWP6QAM,2021-03-03 22:41:42.0,Y,Intelligence
d01c7617-7108-4416-a11c-bed92a604307,NaviTrust,100010,0010Z00001xsrJwQAI,2021-03-03 22:41:42.0,Y,Self
08fb24b5-6dcd-4f40-a9f7-9390ee6d3d2d,Index,100021,0010Z000023H6vcQAC,2021-03-03 22:41:42.0,Y,Intelligence
ebfb1dfd-b0c1-4b31-8f26-987619e88387,Bombora,17017,0010Z00001uJigCQAS,2021-03-03 22:41:42.0,N,Enterprise
ed91aab6-c1db-4c0d-96a9-3504af9b1a0a,Onesource Virtual,17067,0013100001mXVlOAAW,2021-03-03 22:41:42.0,Y,Enterprise
0a67ed87-bbfa-458e-9b8f-e9bade00caf5,"Zer0frixion, llc.",100013,9010Z000020KQzTQAW,2021-03-03 22:41:42.0,Y,Self
bdcf472f-365f-40a1-a7b1-d9d8a4ee024c,Walter & Haverfield,100050,0010Z000026v3a8QAA,2021-03-03 22:41:42.0,Y,Intelligence
8fc59be6-8aa2-4b0c-bf44-0be9fa9bd1b3,EZLynx,17047,0010Z00002C2socQAB,2021-03-03 22:41:42.0,Y,Enterprise
fe7f28ec-c746-458d-ba9c-0772e32eef09,Hirenami,17009,0010Z00001vxroiQAA,2021-03-03 22:41:42.0,N,Enterprise
590c83cd-e546-4f7b-80ea-3cd23c31bfac,Not provided,100089,0010Z00002CGnfTQAT,2021-03-03 22:41:42.0,Y,Intelligence
c3430a47-8138-42dd-94e0-13f9a6c55f47,Bowery Capital,17034,0010Z00002779nSQAQ,2021-03-03 22:41:42.0,N,Enterprise
c3452bff-aa17-46f8-b69a-47765e324f62,CloudFlare Inc.,16007,001i000001EuBZgAAN,2021-03-03 22:41:42.0,N,Enterprise
0e7c1a9d-9c36-46ae-ad2b-dce32fd96de6,AccuWeather,100072,0010Z000029Zu8NQAS,2021-03-03 22:41:42.0,Y,Intelligence
b0ce8c9f-74d0-418a-9212-e66952401312,Collibra,17022,0010Z0000249IlqQAE,2021-03-03 22:41:42.0,Y,Enterprise
e573e14e-9a81-4aa6-b0f4-78d07dab89a9,Not provided,100121,0013r00002MwrhKAAR,2021-03-03 22:41:42.0,Y,Intelligence
ff5b6a21-54ef-46e9-918a-e415201c585c,Monster Worldwide,100090,0010Z00002CIkiSQAT,2021-03-03 22:41:42.0,Y,Intelligence
f4080efb-0bb8-4ed7-a2c7-35fb6eb1579d,Language Line Services,16010,001i000000WZqgTAAT,2021-03-03 22:41:42.0,N,Enterprise
4e7e5eb4-05a2-4f13-a8c7-30037c6bc608,Not provided,100106,0013r00002EsYhCAAV,2021-03-03 22:41:42.0,Y,Intelligence
5f14587d-7d84-4daa-8a44-504fc5a7fc8c,CareerBuilder,100104,0010Z000025f9eyQAA,2021-03-03 22:41:42.0,Y,Self
e7b12190-c188-4231-b77b-8f37066c7680,Rocketrip,17038,0010Z000029aYYAQA2,2021-03-03 22:41:42.0,Y,Enterprise
e9d32b4b-c587-4586-93b8-6c940d416266,Greenhouse Software,17035,0010Z000029FKRMQA4,2021-03-03 22:41:42.0,N,Enterprise
f5acb92d-0d1b-4bcb-95f2-21ad30d7ac78,GE Power,17037,0010Z000029Y9rzQAC,2021-03-03 22:41:42.0,N,Enterprise
1a49c6fb-9c82-4d74-9b15-75cd6534c0f8,,100014,NULL,2021-03-03 22:41:42.0,Y,Self
e605902f-351f-4553-86d8-eed1175c7d5b,AXA Equitable Life Insurance Company,17005,0013100001jEOxzAAG,2021-03-03 22:41:42.0,Y,Enterprise
e654fdd5-19fe-42b5-8f12-e453cbb87a40,LiquidHub Inc,16003,0013100001je5hNAAQ,2021-03-03 22:41:42.0,N,Enterprise
c22f4cdf-2f59-4a53-a0db-89625924ba26,Unknown Company Name,100093,0010Z00002CwCuMQAV,2021-03-03 22:41:42.0,Y,Intelligence
71197fe9-a8b4-4894-9f9d-86cd6f2bacc0,Ingram Micro Inc.,17016,0013100001orufEAAQ,2021-03-03 22:41:42.0,N,Enterprise
a342c880-3370-41f5-8b08-4aea10af03ae,DemandJump,17007,0010Z00001vzMA5QAM,2021-03-03 22:41:42.0,Y,Enterprise
48047258-96e9-4e1f-ad8f-7042f05274d4,Centrilogic Inc,17052,0010Z00002CvVQEQA3,2021-03-03 22:41:42.0,N,Enterprise
135c28b4-f34c-4943-8676-69f08cc0537f,R.R. Donnelley & Sons Company,100129,0010Z000026w6JNQAY,2021-03-03 22:41:42.0,N,Self
1fa16dc7-c307-425e-ac15-23c1d4aeefe9,Collective Intelligence,100035,0010Z000024AXmyQAG,2021-03-03 22:41:42.0,Y,Intelligence
28983e0b-c8e3-4ab4-be7d-5691391b6063,Impact Radius,17049,0010Z00002CFdYXQA1,2021-03-03 22:41:42.0,N,Enterprise
a089b479-affc-4e4f-b08c-37e9c008f000,JumpCrew,17048,0010Z00002C3NlvQAF,2021-03-03 22:41:42.0,Y,Enterprise
2523a65a-6970-4869-816e-b0177d451802,LeadGenius,100088,0010Z00002CGmSsQAL,2021-03-03 22:41:42.0,Y,Intelligence
85908cbf-1c32-482b-8104-1c81a56780c4,Anvyl,100130,0013r00002TlxiUAAR,2021-03-03 22:41:42.0,Y,Intelligence
2849393a-c66b-43a8-89ca-3284f9647759,Knotel,17036,0010Z000029XpMcQAK,2021-03-03 22:41:42.0,N,Enterprise
81a9f944-49b3-4de6-aa59-28c61d10d277,Cleanshelf,100052,0010Z000027A8Z3QAK,2021-03-03 22:41:42.0,N,Self
ffba1141-ec1a-49e4-a464-9fbe315bab6d,x.ai,17021,0010Z00001xqWeqQAE,2021-03-03 22:41:42.0,N,Enterprise
df372668-53fc-4850-8031-88cd11c642bd,"Penton Media , Inc.",17010,0013100001s2CS9AAM,2021-03-03 22:41:42.0,N,Enterprise
ee967a93-f54e-49d5-b59f-f089b96c7f63,Not provided,100058,0010Z000029DgrVQAS,2021-03-03 22:41:42.0,Y,Intelligence
fe7e875a-44b2-479a-90ee-f6a5eb8474fd,Botkeeper,100066,0010Z000029By0JQAS,2021-03-03 22:41:42.0,Y,Intelligence
beb11534-8aa1-42d8-9436-8d7da29aa3f8,BALYO,100095,0010Z00002DYvDBQA1,2021-03-03 22:41:42.0,Y,Intelligence
90be42e7-ae65-49ca-8f8a-d48984c3ae22,Not provided,100054,0010Z000027AAbKQAW,2021-03-03 22:41:42.0,Y,Intelligence
5068d365-7f9a-4017-97ba-9ed11a62ef19,Adopt A Highway Maintenance Corporation,17025,0010Z00001uKhEEQA0,2021-03-03 22:41:42.0,Y,Enterprise
cda63cfe-3f25-4465-acb8-844cde2992ab,iFly VC,100049,0010Z000026tsjhQAA,2021-03-03 22:41:42.0,Y,Intelligence
c3dba518-71db-4741-88a6-02ec07756aaa,Collective Intelligence,100123,0013r00002MxDKUAA3,2021-03-03 22:41:42.0,Y,Intelligence
7d7f712c-8f0c-4317-a805-270b4b5296d1,Collective Intelligence,100062,0010Z000029ELNeQAO,2021-03-03 22:41:42.0,Y,Intelligence
5532f3ff-e6a4-40f8-a0f4-e1abcb3c39af,Collective Intelligence,100119,0013r00002KhATwAAN,2021-03-03 22:41:42.0,Y,Intelligence
e9626feb-17a4-41c8-a6ed-23c6bc09cee1,VeloGeeks,100036,0010Z000024WDLcQAO,2021-03-03 22:41:42.0,Y,Intelligence
ee84adf9-7c1c-4c96-ba1d-8e2b648040ff,Not provided,100075,0010Z000029Zw9HQAS,2021-03-03 22:41:42.0,Y,Intelligence
5d08de56-8007-4f0a-8d15-4fcebc594c2a,Saleshood,17003,0013100001qrgxrAAA,2021-03-03 22:41:42.0,N,Enterprise
c1575328-bc55-4e29-921c-1fadefe7a3d8,American General Life Insurance Company,17008,0013100001s2BdFAAU,2021-03-03 22:41:42.0,N,Enterprise
0d96c102-d940-4d7a-83a0-f4244d29700e,PMC,17030,0010Z000029GKFSQA4,2021-03-03 22:41:42.0,N,Enterprise
1900da5c-9e6a-4eef-b054-ab398993f56d,Genesys,15003,001i000000qQkLAAA0,2021-03-03 22:41:42.0,N,Enterprise
00e1d066-7e74-4c8d-a99f-2029e84fc317,MarketSource,100067,0013r00002IfODTAA3,2021-03-03 22:41:42.0,N,Self
3855721d-dbdf-4ce7-b0a5-f99bfb024b83,UI Labs,100097,0013r00002Es5bFAAR,2021-03-03 22:41:42.0,N,Intelligence
39b872ad-f162-4153-800c-fa78bc55cc64,Flex Ltd.,17011,0013100001lZOBMAA4,2021-03-03 22:41:42.0,N,Enterprise
8211aa8f-5bbd-4fea-bbbd-e830ada7cb76,Sansan,100037,0010Z000024xjRQQAY,2021-03-03 22:41:42.0,Y,Intelligence
477e0fcf-fcea-4abf-9e7f-db691f644d85,Ephox,100074,0010Z000029ZvCgQAK,2021-03-03 22:41:42.0,N,Self
c2aa39e1-3de4-4669-a7cb-23cc478961bb,Inc. Media (Manseuto Ventures LLC),17004,0013100001rDzofAAC,2021-03-03 22:41:42.0,N,Enterprise
6b28beb6-0cf9-419b-8d37-e66a979d0d74,GE,16011,0013100001ehHdsAAE,2021-03-03 22:41:42.0,N,Enterprise
8d886c61-28ae-4a74-b75f-62f71dbc701c,Collective Intelligence,100040,0010Z0000257um8QAA,2021-03-03 22:41:42.0,Y,Intelligence
a721349a-9538-4cf4-8904-df890c38b804,Centrify,17054,0010Z00002CxJvwQAF,2021-03-03 22:41:42.0,N,Enterprise
b7544b08-d144-405e-abe9-b080315c9616,Berry Network,100118,0013r00002KhAOYAA3,2021-03-03 22:41:42.0,Y,Intelligence
daecca97-30d0-4e32-9b89-fe75a7752739,Collective Intelligence,100061,0010Z000029DujuQAC,2021-03-03 22:41:42.0,Y,Intelligence
70a5bdeb-a7fa-460e-8122-322f86703e3c,ABB Information Systems,100124,0013r00002MxJD8AAN,2021-03-03 22:41:42.0,N,Self
c24173be-01dd-4d8c-ba10-0278a68bd0de,Collective Intelligence,100084,0010Z00002AFZi8QAH,2021-03-03 22:41:42.0,Y,Intelligence
713ff1fb-4984-4714-84b6-fcf2ce2c9d2f,MTS,15001,0011600001tsWMQAA2,2021-03-03 22:41:42.0,N,Enterprise
92d1d3f1-0921-4bf8-9199-232ecc04c0eb,OAuth,100108,0013r00002I1lczAAB,2021-03-03 22:41:42.0,Y,Intelligence
fe7011ee-56d2-4828-91d2-ad4bc19c2464,"N3, LLC",17013,0010Z00001wfEjMQAU,2021-03-03 22:41:42.0,N,Enterprise
c2ae0687-134f-484e-ba05-13562338f989,Online Tech,100009,0010Z00001xsZDFQA2,2021-03-03 22:41:42.0,N,Self
0a79b46f-cb9d-4f59-8737-be318f457670,Walgreens,100060,0010Z000029DkNFQA0,2021-03-03 22:41:42.0,Y,Intelligence
aa634437-63b7-4ce3-b926-072ac24a8a73,MxD,17062,0013r00002EpqSaAAJ,2021-03-03 22:41:42.0,Y,Enterprise
80eef217-1490-45df-bb86-286f17b820b5,"LogicGate, Inc.",100055,0010Z000027ABX5QAO,2021-03-03 22:41:42.0,N,Self
f3cb5e4d-4575-4df3-9406-4131f69d3ddf,Progeny.nyc,100030,0010Z000022zkoIQAQ,2021-03-03 22:41:42.0,Y,Intelligence
254c0d0f-fcfa-46b0-a925-22683c90a419,"NewsCred, Inc.",17024,0010Z000025dsYaQAI,2021-03-03 22:41:42.0,N,Enterprise
b8bb20a7-bf71-425a-b362-f53dcad75f2b,West Corporation,100008,0010Z00001xqqFOQAY,2021-03-03 22:41:42.0,N,Self
c1f385a7-80d8-4adc-ada2-96893a668629,Belgium,100016,0010Z000023G2RUQA0,2021-03-03 22:41:42.0,Y,Intelligence
c782d4a8-7019-4a87-b372-7f65940818bd,Oxford University Press,100115,0013r00002Kh1qmAAB,2021-03-03 22:41:42.0,Y,Intelligence
ff276e12-6a14-4897-a5e9-fb1810206378,"TurnTo Networks, Inc.",17019,0010Z000023mbGtQAI,2021-03-03 22:41:42.0,N,Enterprise
fb90d7ca-9ada-4208-a01e-6c694d76dfe4,Wiztopic,100086,0010Z00002AH8sMQAT,2021-03-03 22:41:42.0,Y,Intelligence
14886d5b-9d94-4952-9a2a-d8f83ae48fa6,Berry Network,100116,0013r00002Kh7UvAAJ,2021-03-03 22:41:42.0,Y,Intelligence
aecd4593-3dbd-42a4-a926-d839286043ff,Not provided,100045,0010Z000025tGCXQA2,2021-03-03 22:41:42.0,N,Intelligence
039a6836-7c5e-4240-8ecf-aa3a8e987305,Out-Law,100081,0010Z00002AEyUmQAL,2021-03-03 22:41:42.0,Y,Intelligence
9bdea26f-2c5f-4100-86c3-319496cd33bc,"StayTuned Digital, Inc.",100083,0010Z00002AEzKiQAL,2021-03-03 22:41:42.0,Y,Intelligence
a007ba11-e62e-485a-baf2-ffd7b2bf8000,Collective Intelligence,100109,0013r00002IbYjaAAF,2021-03-03 22:41:42.0,Y,Intelligence
2d5b3183-7b97-4e94-9716-c7b55e6c9c99,,100031,NULL,2021-03-03 22:41:42.0,Y,Self
77f943ab-c459-47ce-837e-3e095e63e015,Not provided,100026,0010Z000023ncJjQAI,2021-03-03 22:41:42.0,Y,Intelligence
9f58af33-6bdf-45ea-be41-9f601a665a41,Doqumi Holdings Pty Ltd,100025,0010Z000023nNj8QAE,2021-03-03 22:41:42.0,Y,Intelligence
f962675a-6d93-4265-a083-d419ab7ffeef,Not provided,100043,0010Z000025eg6LQAQ,2021-03-03 22:41:42.0,Y,Intelligence
5e96847f-f5b3-46f6-b00f-eeda379ee1aa,Impact,100094,0010Z00002CypUFQAZ,2021-03-03 22:41:42.0,Y,Intelligence
53788198-1886-43d1-be2f-7a466d1483c3,Collective Intelligence,100065,0010Z000029G1v8QAC,2021-03-03 22:41:42.0,Y,Intelligence
716ede69-c490-49e8-9766-170837557215,Not provided,100042,0010Z000025eTlKQAU,2021-03-03 22:41:42.0,Y,Intelligence
dfa1466b-1d1a-48a5-a4ee-fe243d41446a,AccuWeather,100073,0010Z000029ZuDDQA0,2021-03-03 22:41:42.0,Y,Intelligence
48d34625-f50a-48f6-94f5-48666e5a0ed4,Collective Intelligence,100082,0010Z00002AEz5mQAD,2021-03-03 22:41:42.0,Y,Intelligence
585dfbea-2ead-4f35-a63c-d667f16aab87,MassPay,100107,0013r00002Esc9xAAB,2021-03-03 22:41:42.0,N,Self
18e006e7-0441-4dca-b9f0-dfc35b4ae84c,WEX,100131,0013r00002ToayLAAR,2021-03-03 22:41:42.0,Y,Intelligence
d230a6ef-264b-435e-84c7-b689d47ee359,Collective[i],100111,9010Z00001wtzTSQAY,2021-03-03 22:41:42.0,Y,Self
038a3c44-1d2a-4123-b0ce-071ee1ebc8fd,Atheneum,17051,0010Z00002CGaAzQAL,2021-03-03 22:41:42.0,Y,Enterprise
72cfffca-bd88-4a06-a25b-d53d543e285c,Collective Intelligence,100041,0010Z000025cjsjQAA,2021-03-03 22:41:42.0,Y,Intelligence
05a444d5-ccdf-4d7a-8e65-2fe5014a1cf8,Hive,17020,0010Z000023nccQQAQ,2021-03-03 22:41:42.0,N,Enterprise
799c702a-a573-47f2-8ea6-07add020f45a,Collective Intelligence,100024,0010Z000023YdGxQAK,2021-03-03 22:41:42.0,Y,Intelligence
1146117b-1f05-447f-adf1-f8a878fceb48,RealPage Inc,100012,0010Z000020JV20QAG,2021-03-03 22:41:42.0,N,Self
866326f7-5f7d-45b5-ace2-b941a4799df7,,100056,NULL,2021-03-03 22:41:42.0,Y,Self
e7e50be6-8059-49b4-81ef-4b7fb3e003d1,Upsider,100001,0010Z00001xqW4SQAU,2021-03-03 22:41:42.0,N,Self
9a9023a8-17ea-48d2-b720-d3d5c54d71ad,SID Enterprises,100069,0010Z000029CAEaQAO,2021-03-03 22:41:42.0,Y,Intelligence
2326f6be-4d50-4f53-8708-b53c05d7a4a1,Not provided,100135,0013r00002XIMSMAA5,2021-03-03 22:41:42.0,Y,Intelligence
970da21f-7237-43c6-a99a-49bd7c219b13,DemandJump,100046,0010Z000025wHLvQAM,2021-03-03 22:41:42.0,Y,Intelligence
fe938bbe-858f-4cad-a181-7bc7b2e5a8b2,Acceleration,100015,001i000001BdLs9AAF,2021-03-03 22:41:42.0,N,Self
c0812c24-7a07-41cf-a6e0-40d979d1caef,Totango,16006,0013100001je6qKAAQ,2021-03-03 22:41:42.0,Y,Enterprise
fe297d1c-56f0-4eb8-b224-d6dc0502555b,"Prevedere, Inc.",17039,0010Z000029o8aKQAQ,2021-03-03 22:41:42.0,N,Enterprise
45126737-4086-49a7-9175-beeeca7556c6,YourGuru,17018,0010Z000023GpBnQAK,2021-03-03 22:41:42.0,N,Enterprise
9ce03528-8dc2-4dfe-9bf4-73a9d53b8b4f,Medialink,100005,0010Z00001x2pyRQAQ,2021-03-03 22:41:42.0,N,Self
fd5d8df4-d3f3-4899-88bb-689be1f1d5cc,Inside Sales Professionals,17042,0010Z000029qJ4GQAU,2021-03-03 22:41:42.0,Y,Enterprise
5d368288-9ef3-4d10-b66e-ff6c70adbe83,SalesLoft,16005,NULL,2021-03-03 22:41:42.0,N,Enterprise
8e469f7e-d019-495f-a262-fc55211f356e,Dell,100079,0010Z00002AE5ieQAD,2021-03-03 22:41:42.0,Y,Intelligence
ef0ec85e-9fef-45aa-bb9c-93e47b6b447d,Berry Network,100113,0013r00002KgtIqAAJ,2021-03-03 22:41:42.0,Y,Intelligence
960cc6a6-14d5-4985-8767-46e0dc60210e,Adobe Systems Incorporated,100011,0010Z00001w4M2sQAE,2021-03-03 22:41:42.0,Y,Self
b7e6aac1-acb7-4dcc-8cd1-92a6745926d8,CORESTRENGTH,100051,0010Z0000279vI0QAI,2021-03-03 22:41:42.0,Y,Intelligence
5ea781b3-ed6f-43cd-a618-f8034d39c56a,Tricentis,100134,0013r00002WAb6vAAD,2021-03-03 22:41:42.0,Y,Intelligence
3f62ef68-e4d5-4796-a2ce-145f5c170513,"Monster Worldwide, Inc.",17031,0010Z000026xOO9QAM,2021-03-03 22:41:42.0,Y,Enterprise
c878710a-f69c-492d-a771-82675421ae51,B-Stock Solutions,100004,0013100001lhIZnAAM,2021-03-03 22:41:42.0,Y,Self
f8851b2b-4728-4c8c-859a-46df4c2f9200,Zer0Frixion,17032,0010Z000020KQzTQAW,2021-03-03 22:41:42.0,Y,Enterprise
3ff48efe-591f-4c20-8fc6-0d3aa62c8e20,Collective Intelligence,100078,0010Z00002AE4ufQAD,2021-03-03 22:41:42.0,Y,Intelligence
7072b41e-a435-4bc4-a8f7-984f74decbb5,Collective Intelligence,100033,0010Z000025cV37QAE,2021-03-03 22:41:42.0,Y,Intelligence
e5040ca8-906a-492c-a22d-4eafbb3ef414,Solela,100018,0010Z000023Gm6cQAC,2021-03-03 22:41:42.0,Y,Intelligence
ab4bd1f5-a407-45bc-9e85-863fccaf5941,Sales-I,100063,0010Z000029F87eQAC,2021-03-03 22:41:42.0,Y,Intelligence
fe8c642a-03c2-4724-bcf0-ed4716df0ec0,Collective[i],16002,0010Z00001wtzTSQAY,2021-03-03 22:41:42.0,Y,Enterprise
152cf1df-5236-4106-ae02-c89468569eb9,ADP,16001,001i000000YsDePAAV,2021-03-03 22:41:42.0,N,Enterprise
d403b142-9125-48f6-8b16-2538d715ea3a,Fashion Snoops,17023,0010Z0000257t04QAA,2021-03-03 22:41:42.0,N,Enterprise
780edcde-82af-4364-b477-e3102da363a5,Not provided,100105,0013r00002EsIfKAAV,2021-03-03 22:41:42.0,Y,Intelligence
edd79c12-4d57-4002-99ba-2d14fbfd4902,,100068,NULL,2021-03-03 22:41:42.0,Y,Self
221fee71-14a5-4b8b-bdd7-14d866587baa,Tealium Inc,14004,001i000001JfERGAA3,2021-03-03 22:41:42.0,N,Enterprise
322a4065-0392-4ee7-864c-ea5b04a8de7d,Talla,17043,0010Z00002ADSiQQAX,2021-03-03 22:41:42.0,N,Enterprise
39387366-aadc-43f5-947f-fccb3c80dc87,AccuReg Software,17058,0013r00002EpelIAAR,2021-03-03 22:41:42.0,N,Enterprise
0a1a657a-fb0d-4c48-8c94-0bbaf226431d,Not provided,100133,0013r00002WADmNAAX,2021-03-03 22:41:42.0,Y,Intelligence
f39f5998-855c-4dcf-9f0b-3cc8c9b15600,Not provided,100096,0013r00002Es4ywAAB,2021-03-03 22:41:42.0,Y,Intelligence
1aedfa60-0d39-488a-8335-315c202c749b,Collective[i].com,100044,0010Z000025en9uQAA,2021-03-03 22:41:42.0,Y,Intelligence
04a22569-2218-4469-b564-7e415c99915d,Trusty.Care,17045,0010Z00002ADmSKQA1,2021-03-03 22:41:42.0,Y,Enterprise
ba4bf981-fb89-463b-930c-08fe2e5f984b,Collective Intelligence,100020,0010Z000023HX2HQAW,2021-03-03 22:41:42.0,Y,Intelligence
82839d78-1300-4aed-94dd-989bbf738a1b,kNEXTis LLC,100127,0013r00002MyZpxAAF,2021-03-03 22:41:42.0,Y,Intelligence
95ec1c19-1b20-4801-b277-bd783b74c0d4,Ware2Go,17063,0013r00002KexIVAAZ,2021-03-03 22:41:42.0,Y,Enterprise
4e470d83-ef32-429e-84c2-10233163bd70,SellerCloud,100048,0010Z0000253exaQAA,2021-03-03 22:41:42.0,Y,Intelligence
a0124488-c428-4ab3-bdef-9f0266c11154,Sansan,100039,0010Z0000257WDQQA2,2021-03-03 22:41:42.0,Y,Intelligence
d1b20967-7eec-4555-a74b-8b4b64f3f0e2,Collective Intelligence,100120,0013r00002KhERnAAN,2021-03-03 22:41:42.0,Y,Intelligence
eeb7d053-6cca-4378-8a52-0b7148c4ec78,Hamfish Ltd,100076,0010Z000029avlKQAQ,2021-03-03 22:41:42.0,Y,Intelligence
4210789b-2c15-4f8e-b0b6-407aed517753,Foundermade,17053,0010Z00002CwJJyQAN,2021-03-03 22:41:42.0,N,Enterprise
52c7368b-5dc2-4121-92f4-f36411a6bb00,Collective Intelligence,100022,0010Z000023HWxNQAW,2021-03-03 22:41:42.0,Y,Intelligence
d253fc17-4afb-4a5a-ae68-9eeee512c25a,TechObservers,100087,0010Z00002CGYVwQAP,2021-03-03 22:41:42.0,Y,Intelligence
d2d0ce76-e811-4f43-8455-cb4e6fc4ca8f,Allego,17050,0010Z00002CFiBgQAL,2021-03-03 22:41:42.0,N,Enterprise
0918c89b-c10c-4096-b753-519b4c74b336,Not provided,100064,0010Z000029FABYQA4,2021-03-03 22:41:42.0,Y,Intelligence
d8b46505-84db-4f94-9499-4ac589bd2a8b,Not provided,100110,0013r00002IbvwCAAR,2021-03-03 22:41:42.0,Y,Intelligence
c2b5033b-ae76-4dbf-88af-16b6d8ae9180,"Volta Industries, Inc.",17002,0010Z00001wRMhCQAW,2021-03-03 22:41:42.0,Y,Enterprise
3b573888-56cf-4fe1-ab6b-98d23aca59d4,,100003,NULL,2021-03-03 22:41:42.0,Y,Self
a83b00db-4507-4338-a325-acc700471664,Pivotal,100029,0010Z000022zipSQAQ,2021-03-03 22:41:42.0,Y,Intelligence
8680c040-965b-4b0d-bcf3-1d3b4aff4d58,AllianceBernstein,17059,0013r00002ErdmDAAR,2021-03-03 22:41:42.0,N,Enterprise
be9531e8-ff2b-4ce2-96d1-d526d952c404,,100023,NULL,2021-03-03 22:41:42.0,Y,Self
898ff460-f647-4f81-9301-ec9b6b83ab0a,Hitachi Data Systems Corporation,100091,0010Z00002CIkLmQAL,2021-03-03 22:41:42.0,Y,Self
48a56036-8d43-4596-a4c8-1188eb963f4c,Anvyl,17065,0013r00002Mxo7VAAR,2021-03-03 22:41:42.0,Y,Enterprise
5b580438-3c81-4b0f-a108-296b61a198c9,,13001,NULL,2021-03-03 22:41:42.0,Y,Enterprise
96dbce82-bc65-4dc8-9349-3e2e64244dd7,Berry Network,100112,0013r00002KgSjAAAV,2021-03-03 22:41:42.0,Y,Intelligence
